id,first_name,last_name,email,gender,address
1,Viviene,Ivanusyev,vivanusyev0@miibeian.gov.cn,Female,3449 Corben Trail
2,Chas,Lardeur,clardeur1@ibm.com,Male,3036 Ilene Drive
3,Meris,Sibbit,msibbit2@prweb.com,Female,37588 Schiller Circle
4,Auguste,Leonards,aleonards3@berkeley.edu,Female,4 Fulton Circle
5,Corby,Staten,cstaten4@gizmodo.com,Male,2 5th Hill
6,Ring,Neads,rneads5@utexas.edu,Male,8 Delaware Parkway
7,Inna,Di Nisco,idinisco6@sitemeter.com,Female,53991 Service Road
8,Elka,Kinavan,ekinavan7@wufoo.com,Bigender,8449 Melvin Plaza
9,Stan,Moxon,smoxon8@thetimes.co.uk,Male,708 Loftsgordon Junction
10,Alf,Cosslett,acosslett9@nature.com,Male,1 Kedzie Terrace
11,Weber,Statefield,wstatefielda@ted.com,Male,69194 Sundown Junction
12,Bertine,Nevinson,bnevinsonb@newsvine.com,Female,30 Longview Avenue
13,Diahann,Blacksell,dblacksellc@virginia.edu,Female,789 Linden Pass
14,Karola,Grimwade,kgrimwaded@delicious.com,Female,65452 Gerald Parkway
15,Evangeline,Torricina,etorricinae@jigsy.com,Female,134 Reindahl Pass
16,Bald,Gloucester,bgloucesterf@webeden.co.uk,Male,5828 Basil Junction
17,Maison,Dory,mdoryg@rakuten.co.jp,Male,6245 Nancy Hill
18,Elana,Manolov,emanolovh@blogspot.com,Female,0240 Nevada Plaza
19,Vick,Godsell,vgodselli@usatoday.com,Male,67547 Bluestem Hill
20,Skylar,Purdy,spurdyj@xing.com,Male,73321 Monica Hill
21,Aretha,Tinkler,atinklerk@opera.com,Female,99561 Amoth Avenue
22,Randy,Corbally,rcorballyl@a8.net,Male,31019 Troy Avenue
23,Michele,Welland,mwellandm@github.io,Male,3 Acker Terrace
24,Noble,Boyland,nboylandn@hud.gov,Male,38 Holmberg Trail
25,Araldo,Willwood,awillwoodo@rambler.ru,Male,57905 Pennsylvania Crossing
26,Mag,Goracci,mgoraccip@google.it,Non-binary,4 Barnett Junction
27,Emmi,Fitzhenry,efitzhenryq@friendfeed.com,Female,7 Spaight Alley
28,Tallou,Revey,treveyr@weather.com,Polygender,860 Cascade Alley
29,Jamill,Blees,jbleess@hexun.com,Male,63 Pierstorff Terrace
30,Terrie,Allday,talldayt@howstuffworks.com,Female,38 Garrison Street
31,Shermy,McCarty,smccartyu@jimdo.com,Polygender,86 Dennis Crossing
32,Juditha,Zoane,jzoanev@toplist.cz,Female,2379 Sommers Hill
33,Axel,Boast,aboastw@mashable.com,Male,453 Waywood Center
34,Ingemar,Cargo,icargox@npr.org,Male,1 Mesta Alley
35,Pate,Klemt,pklemty@netvibes.com,Polygender,7195 Delladonna Lane
36,Falito,Fyndon,ffyndonz@desdev.cn,Male,9 Kropf Crossing
37,Prentiss,Longmore,plongmore10@reference.com,Polygender,4100 Claremont Court
38,Natty,Olliar,nolliar11@cdc.gov,Male,3493 Ronald Regan Hill
39,Alain,Ponceford,aponceford12@cpanel.net,Male,4 Manufacturers Parkway
40,Gabbie,Pozzi,gpozzi13@hexun.com,Female,49316 Farwell Junction
41,Marlon,Ghione,mghione14@earthlink.net,Male,0098 Hansons Trail
42,Dione,Cridlan,dcridlan15@de.vu,Female,4915 Rockefeller Terrace
43,Saundra,Robottham,srobottham16@pen.io,Male,53665 Graceland Pass
44,Edmund,Hasley,ehasley17@sphinn.com,Male,14560 Stephen Crossing
45,Beau,Bartles,bbartles18@smugmug.com,Male,47 Hoffman Center
46,Willard,Gresswood,wgresswood19@nytimes.com,Male,372 Hauk Street
47,Filia,McCrie,fmccrie1a@mozilla.org,Bigender,2354 Clove Parkway
48,Caprice,Baysting,cbaysting1b@fema.gov,Non-binary,91803 Duke Road
49,Jilly,Domingues,jdomingues1c@comsenz.com,Female,60335 Duke Junction
50,Dave,Vaz,dvaz1d@globo.com,Male,30 Tomscot Point
51,Camel,Frayne,cfrayne1e@bandcamp.com,Female,86 Marquette Trail
52,Casper,Udy,cudy1f@unesco.org,Male,260 Magdeline Plaza
53,Norina,Twitty,ntwitty1g@nyu.edu,Female,21532 Sage Lane
54,Obediah,Garbott,ogarbott1h@gmpg.org,Male,76 6th Drive
55,Tildi,Abbis,tabbis1i@taobao.com,Female,34800 Marcy Park
56,Rhiamon,Dalling,rdalling1j@cnet.com,Female,9 Saint Paul Plaza
57,Ferguson,Embury,fembury1k@ox.ac.uk,Male,170 Pepper Wood Lane
58,Kristin,Carlesso,kcarlesso1l@theguardian.com,Female,49 Towne Hill
59,Mellicent,Crunkhorn,mcrunkhorn1m@thetimes.co.uk,Agender,8 Dottie Street
60,Fielding,Sharvill,fsharvill1n@ebay.co.uk,Male,4086 Northwestern Avenue
61,Binnie,De Winton,bdewinton1o@rediff.com,Female,1 Charing Cross Court
62,Ciel,Wickling,cwickling1p@google.nl,Genderfluid,782 Maywood Junction
63,Sophie,Stack,sstack1q@squarespace.com,Female,2518 4th Terrace
64,Calhoun,Gibbeson,cgibbeson1r@discovery.com,Male,8744 Clemons Point
65,Breena,Burne,bburne1s@etsy.com,Female,79 Hintze Alley
66,Paulie,Duthie,pduthie1t@vk.com,Male,39398 Blackbird Hill
67,Irvin,Kirimaa,ikirimaa1u@360.cn,Male,20 Hoffman Drive
68,Franciskus,Leinthall,fleinthall1v@1688.com,Genderfluid,9 Hansons Circle
69,Torr,Wildsmith,twildsmith1w@theatlantic.com,Male,5 Ohio Center
70,Harli,Swafford,hswafford1x@delicious.com,Bigender,6926 Ridgeview Lane
71,Tani,Woolfall,twoolfall1y@1688.com,Female,3505 Hayes Street
72,Kirby,Ferrolli,kferrolli1z@nature.com,Male,3 Evergreen Place
73,Kial,Eastmond,keastmond20@1und1.de,Female,41 Toban Park
74,Didi,Cadman,dcadman21@chron.com,Female,39 Carberry Hill
75,Kariotta,Ranyell,kranyell22@who.int,Female,28 Helena Alley
76,Alix,McTrusty,amctrusty23@apple.com,Male,098 Elka Parkway
77,Marcos,Gronav,mgronav24@ehow.com,Male,28868 Kensington Plaza
78,Corrie,Chaimson,cchaimson25@mlb.com,Female,2 Dakota Street
79,Quinlan,Garrit,qgarrit26@51.la,Male,14750 Hudson Lane
80,Genni,Greensall,ggreensall27@chron.com,Female,01 Stone Corner Drive
81,Mackenzie,Dalligan,mdalligan28@shop-pro.jp,Male,94591 Farragut Place
82,Stavro,Nation,snation29@wikispaces.com,Male,6 Everett Hill
83,Branden,Teacy,bteacy2a@de.vu,Male,645 Maywood Court
84,Amabelle,Apedaile,aapedaile2b@statcounter.com,Female,6171 Pawling Trail
85,Evangeline,Lashley,elashley2c@usnews.com,Female,800 Manufacturers Park
86,Rafe,Coyish,rcoyish2d@epa.gov,Male,61 Mesta Drive
87,Carey,Bustard,cbustard2e@pcworld.com,Male,3137 Southridge Hill
88,Erek,DeSousa,edesousa2f@timesonline.co.uk,Polygender,382 Garrison Alley
89,Dorolice,Leavesley,dleavesley2g@ucoz.ru,Female,76198 Onsgard Lane
90,Gardner,Canter,gcanter2h@yolasite.com,Genderqueer,55377 Dakota Pass
91,Ainslee,Cobley,acobley2i@clickbank.net,Female,444 Walton Road
92,Leta,Picopp,lpicopp2j@amazon.co.jp,Female,10870 Fisk Place
93,Devon,Shitliffe,dshitliffe2k@google.fr,Female,92167 Bayside Alley
94,Dolorita,Pecha,dpecha2l@newsvine.com,Female,2030 Reinke Way
95,Hunter,Reddie,hreddie2m@dropbox.com,Male,8 Saint Paul Place
96,Emanuel,Defont,edefont2n@upenn.edu,Polygender,52261 Almo Parkway
97,Velma,Cod,vcod2o@pen.io,Female,6 Westend Court
98,Nils,Lowcock,nlowcock2p@unesco.org,Male,8222 Morningstar Pass
99,Ibby,Sheehan,isheehan2q@delicious.com,Polygender,86 Grayhawk Trail
100,Olive,Spincke,ospincke2r@washingtonpost.com,Genderqueer,64099 Pleasure Lane
101,Jeane,McMurraya,jmcmurraya2s@java.com,Female,20730 Golf View Drive
102,Reilly,Janecki,rjanecki2t@360.cn,Male,2375 Saint Paul Park
103,Lindy,Hannon,lhannon2u@businessweek.com,Female,00 Sloan Alley
104,Nickolai,Minor,nminor2v@buzzfeed.com,Male,8 Crowley Trail
105,Nickola,Francesc,nfrancesc2w@cisco.com,Male,89 Golf Avenue
106,Rowland,Trodden,rtrodden2x@toplist.cz,Polygender,459 Thackeray Center
107,Langsdon,Matchett,lmatchett2y@seattletimes.com,Male,8434 Butterfield Plaza
108,Drucie,Bampford,dbampford2z@nifty.com,Female,7937 Mayer Street
109,Adlai,Cometson,acometson30@instagram.com,Male,51172 Union Place
110,Katrinka,Hauxby,khauxby31@ted.com,Female,30 Hoffman Pass
111,Dore,Lansdown,dlansdown32@printfriendly.com,Female,380 Darwin Lane
112,Matty,Breewood,mbreewood33@icio.us,Male,21705 Thierer Junction
113,Brook,Winslow,bwinslow34@accuweather.com,Female,8111 Park Meadow Drive
114,Fay,McKinn,fmckinn35@howstuffworks.com,Female,0 Thompson Way
115,Arlan,Dilliston,adilliston36@mediafire.com,Male,2553 Lillian Way
116,Rustie,Gabbitas,rgabbitas37@mit.edu,Male,2 Gerald Trail
117,Annabella,Grisdale,agrisdale38@cnet.com,Female,11940 Springs Avenue
118,Walsh,Tilburn,wtilburn39@census.gov,Polygender,8782 Prairieview Court
119,Ofilia,Callcott,ocallcott3a@ft.com,Bigender,9 Judy Circle
120,Damara,Caldero,dcaldero3b@last.fm,Agender,15145 Hauk Drive
121,Guido,Eccles,geccles3c@yandex.ru,Male,192 Delaware Avenue
122,Ulrike,Baldin,ubaldin3d@uiuc.edu,Female,863 Shasta Center
123,Thibaud,Gable,tgable3e@vistaprint.com,Male,6775 Mandrake Avenue
124,Rudy,Licciardello,rlicciardello3f@google.fr,Male,451 Sloan Center
125,Armin,Easton,aeaston3g@arizona.edu,Male,8 Lake View Crossing
126,Jess,Richardeau,jrichardeau3h@cdc.gov,Male,901 Sauthoff Drive
127,Caz,Vaughan,cvaughan3i@wp.com,Male,8829 Rockefeller Center
128,Raina,McGlue,rmcglue3j@free.fr,Female,3 Bay Center
129,Frederich,Petschelt,fpetschelt3k@google.es,Male,99240 Carberry Crossing
130,Andi,Sancroft,asancroft3l@imageshack.us,Female,22567 Sage Circle
131,Freeland,Fontenot,ffontenot3m@chronoengine.com,Male,41720 Manitowish Court
132,Gery,Scaysbrook,gscaysbrook3n@free.fr,Male,81 Magdeline Point
133,Shirley,Boles,sboles3o@wordpress.org,Female,82622 Clyde Gallagher Drive
134,Lisa,Balsillie,lbalsillie3p@ucoz.ru,Female,5 Messerschmidt Terrace
135,Verine,Vigar,vvigar3q@loc.gov,Female,5953 Blackbird Junction
136,Keri,Martinec,kmartinec3r@plala.or.jp,Female,4 Meadow Vale Junction
137,Filmore,Burhouse,fburhouse3s@netscape.com,Male,4 Bunker Hill Plaza
138,Torr,Bound,tbound3t@yahoo.com,Male,482 Bartillon Plaza
139,Demetri,Gammel,dgammel3u@springer.com,Male,52989 Sauthoff Way
140,Stanly,Simla,ssimla3v@imdb.com,Male,1809 Toban Alley
141,Blancha,Parrett,bparrett3w@who.int,Female,06887 Bartillon Terrace
142,Auroora,Ector,aector3x@dell.com,Female,9 Kenwood Junction
143,Emelen,Marcinkowski,emarcinkowski3y@about.me,Male,8 Esch Terrace
144,Ingeberg,Ewins,iewins3z@devhub.com,Female,7272 Merchant Pass
145,Mead,Tows,mtows40@prlog.org,Male,793 Emmet Center
146,Celestia,Greatreax,cgreatreax41@moonfruit.com,Bigender,02375 Beilfuss Point
147,Jessey,Depport,jdepport42@umn.edu,Male,04 Morningstar Way
148,Hebert,Figure,hfigure43@statcounter.com,Male,0 Doe Crossing Place
149,Mimi,Leslie,mleslie44@mashable.com,Female,2 Kropf Alley
150,Delphinia,Dewbury,ddewbury45@ehow.com,Female,6 Caliangt Point
151,Maggie,Leakner,mleakner46@twitter.com,Female,55 Kim Junction
152,Suzanna,Kleingrub,skleingrub47@tinypic.com,Female,69 Walton Parkway
153,Arlen,Tuting,atuting48@huffingtonpost.com,Male,8 Clarendon Court
154,Reade,Iannuzzelli,riannuzzelli49@hhs.gov,Male,91 Fuller Place
155,Maxy,Hayward,mhayward4a@about.me,Male,87337 Longview Junction
156,Patricio,Hutchence,phutchence4b@paginegialle.it,Male,9 Spaight Way
157,Lloyd,Bimrose,lbimrose4c@howstuffworks.com,Male,364 Montana Point
158,Ky,Kaveney,kkaveney4d@fc2.com,Male,08273 Clyde Gallagher Center
159,Nevin,D'Ambrosio,ndambrosio4e@shop-pro.jp,Male,890 Bunker Hill Place
160,Glennis,Redan,gredan4f@marketwatch.com,Female,4240 Union Center
161,Tod,Bills,tbills4g@jigsy.com,Male,17302 Sunbrook Pass
162,Alvinia,Boydell,aboydell4h@theguardian.com,Female,151 Eggendart Drive
163,Maiga,Blanchflower,mblanchflower4i@wiley.com,Female,618 Bartelt Parkway
164,Sebastien,Antonsen,santonsen4j@yale.edu,Male,2155 Hintze Drive
165,Kevin,Charer,kcharer4k@vistaprint.com,Male,266 Riverside Way
166,Jerrold,Blakeden,jblakeden4l@wufoo.com,Male,306 Elka Trail
167,Francklyn,Collaton,fcollaton4m@msu.edu,Male,44157 Bluestem Crossing
168,Pebrook,Joysey,pjoysey4n@google.ru,Bigender,91792 Gerald Point
169,Karrie,Boness,kboness4o@jigsy.com,Female,290 Northwestern Center
170,Andy,Marwick,amarwick4p@mail.ru,Genderqueer,2725 Calypso Center
171,Aigneis,MacCartair,amaccartair4q@dyndns.org,Female,7681 Donald Parkway
172,Edd,Morse,emorse4r@admin.ch,Male,1142 American Ash Drive
173,Feliza,Arrighetti,farrighetti4s@buzzfeed.com,Female,8880 Mccormick Street
174,Halley,Glasebrook,hglasebrook4t@rediff.com,Female,03008 Bayside Trail
175,Erina,Mapp,emapp4u@theatlantic.com,Female,5 Hoard Junction
176,Georgetta,Hathway,ghathway4v@liveinternet.ru,Female,6796 Bartillon Terrace
177,Tobey,Gough,tgough4w@desdev.cn,Genderfluid,206 Carey Lane
178,Brietta,O'Lyhane,bolyhane4x@cdc.gov,Female,86974 Tomscot Avenue
179,Godard,Greenshields,ggreenshields4y@soup.io,Male,87 Stoughton Place
180,Magdalen,Fyrth,mfyrth4z@cnet.com,Female,15 Washington Way
181,Phoebe,Frane,pfrane50@uiuc.edu,Female,09 Hayes Pass
182,Arty,Murdoch,amurdoch51@free.fr,Male,745 Linden Way
183,Norene,Badini,nbadini52@homestead.com,Female,8869 Helena Point
184,Suellen,Sylvester,ssylvester53@blogspot.com,Female,0 Meadow Vale Avenue
185,Christyna,Willmot,cwillmot54@edublogs.org,Female,4635 Ryan Alley
186,Bettine,Malamore,bmalamore55@nifty.com,Agender,996 Valley Edge Lane
187,Maure,O' Hanvey,mohanvey56@discovery.com,Female,4 Rusk Way
188,Kleon,Janauschek,kjanauschek57@redcross.org,Male,41 Division Point
189,Ruttger,Samways,rsamways58@ucla.edu,Male,3487 Monterey Crossing
190,Ivonne,Duckering,iduckering59@livejournal.com,Female,7 Lukken Road
191,Alanah,Scurrer,ascurrer5a@t.co,Female,509 Fairfield Circle
192,Elijah,Canti,ecanti5b@goo.ne.jp,Male,90 Nevada Alley
193,Ab,Sauvage,asauvage5c@yandex.ru,Male,80 Dunning Park
194,Fletch,Chessil,fchessil5d@wikia.com,Male,99260 Forest Road
195,Trula,Leroy,tleroy5e@bloglovin.com,Female,21 Chinook Pass
196,Juan,Crosscombe,jcrosscombe5f@goodreads.com,Male,924 Sunfield Avenue
197,Penny,Woolford,pwoolford5g@delicious.com,Genderqueer,7027 Alpine Center
198,Cale,Trusse,ctrusse5h@walmart.com,Male,9519 Killdeer Place
199,Cleveland,Adams,cadams5i@forbes.com,Polygender,707 Granby Street
200,Janith,Dominka,jdominka5j@yandex.ru,Female,41 Tomscot Center
201,Tessa,Atkyns,tatkyns5k@unesco.org,Female,3277 Steensland Trail
202,Jedidiah,Coade,jcoade5l@mysql.com,Non-binary,7500 Delaware Crossing
203,Dyana,Tarbatt,dtarbatt5m@tripod.com,Female,80425 Superior Lane
204,Alphonse,Haythornthwaite,ahaythornthwaite5n@discovery.com,Genderqueer,6666 Gerald Drive
205,Alexandro,Rosenzveig,arosenzveig5o@elegantthemes.com,Male,21108 Darwin Avenue
206,Roth,Soper,rsoper5p@acquirethisname.com,Male,7486 Shoshone Pass
207,Deborah,Currell,dcurrell5q@ezinearticles.com,Female,5 Mayer Place
208,Rolando,Diess,rdiess5r@samsung.com,Male,60 Arrowood Alley
209,Lyn,Denney,ldenney5s@nymag.com,Female,75 Old Shore Pass
210,Bridie,Grennan,bgrennan5t@google.com.au,Female,6 Mcguire Lane
211,Timothy,Sawood,tsawood5u@instagram.com,Male,8720 Myrtle Plaza
212,Shaine,Hefferan,shefferan5v@xrea.com,Non-binary,4371 Golf Park
213,Lelah,Gronav,lgronav5w@elegantthemes.com,Female,05 Cambridge Pass
214,Anya,Horrod,ahorrod5x@amazon.de,Female,73 Schurz Point
215,Cleon,Rudloff,crudloff5y@phpbb.com,Male,11 Colorado Way
216,Shawn,Christoffersen,schristoffersen5z@sphinn.com,Female,78802 Laurel Street
217,Kennan,Ianne,kianne60@nationalgeographic.com,Male,724 Lukken Plaza
218,Gerri,Gorgler,ggorgler61@parallels.com,Female,0758 Prairieview Junction
219,Bronson,Jachimiak,bjachimiak62@sbwire.com,Male,518 Weeping Birch Lane
220,Sam,Serman,sserman63@dot.gov,Male,92 Weeping Birch Point
221,Octavius,Darter,odarter64@wunderground.com,Male,6 Graceland Junction
222,Tracy,Ganiclef,tganiclef65@washingtonpost.com,Male,9724 3rd Parkway
223,Dottie,Cuffin,dcuffin66@macromedia.com,Female,02 Vidon Center
224,Tristam,Depper,tdepper67@moonfruit.com,Male,691 Del Mar Terrace
225,Alphonse,Skuse,askuse68@prnewswire.com,Male,94275 Ramsey Court
226,Beale,Gerardi,bgerardi69@japanpost.jp,Male,768 Graceland Lane
227,Cristin,Elington,celington6a@patch.com,Female,2 Daystar Trail
228,Marnie,Kinnard,mkinnard6b@ted.com,Female,48 Oxford Circle
229,Terri,Lambregts,tlambregts6c@mediafire.com,Female,74679 Union Avenue
230,Loella,Andrei,landrei6d@un.org,Female,612 New Castle Pass
231,Auberta,Woollends,awoollends6e@google.de,Bigender,5 Brown Park
232,Ilene,Huckle,ihuckle6f@census.gov,Female,734 Loomis Point
233,Eddy,Stallen,estallen6g@ovh.net,Female,55 Longview Road
234,Cherish,Readhead,creadhead6h@howstuffworks.com,Female,59 Continental Road
235,Thadeus,Gryglewski,tgryglewski6i@paypal.com,Male,928 Homewood Way
236,Jacob,Edis,jedis6j@meetup.com,Male,38 Spohn Place
237,Fraze,Lipscombe,flipscombe6k@si.edu,Male,8226 Sycamore Circle
238,Fidelity,Demkowicz,fdemkowicz6l@google.nl,Female,55533 Oriole Crossing
239,Jocelin,Ramsby,jramsby6m@wsj.com,Bigender,91 Rutledge Circle
240,Vernor,Lalley,vlalley6n@wunderground.com,Male,75671 Prairieview Way
241,Terra,Chiene,tchiene6o@theguardian.com,Bigender,04 Hollow Ridge Street
242,Oneida,Pechet,opechet6p@elpais.com,Female,838 Division Point
243,Janene,Skypp,jskypp6q@ehow.com,Genderfluid,65 Judy Place
244,Cortie,McGilbon,cmcgilbon6r@ocn.ne.jp,Male,50445 Autumn Leaf Terrace
245,Carce,Shrubb,cshrubb6s@csmonitor.com,Male,6 Kingsford Plaza
246,Harriott,Jagson,hjagson6t@geocities.com,Female,63 School Road
247,Shay,Alvis,salvis6u@com.com,Male,92 Shasta Place
248,Milzie,Peyes,mpeyes6v@hp.com,Female,70 Toban Center
249,Kimberly,Leabeater,kleabeater6w@feedburner.com,Female,5 Shelley Terrace
250,Carlota,Farquharson,cfarquharson6x@google.com,Female,6704 Golf Plaza
251,Joane,Hedley,jhedley6y@pbs.org,Female,757 Main Terrace
252,Tomlin,Batiste,tbatiste6z@skyrock.com,Male,3 Vermont Lane
253,Elsa,Eagle,eeagle70@pcworld.com,Female,611 Crownhardt Alley
254,Gustaf,Fibbens,gfibbens71@intel.com,Male,54996 New Castle Crossing
255,Zandra,Matei,zmatei72@forbes.com,Bigender,076 Talmadge Street
256,Lowell,Berrill,lberrill73@reddit.com,Male,9624 Lotheville Place
257,Sigismundo,Assur,sassur74@fda.gov,Male,5 Cascade Park
258,Margo,Ivanichev,mivanichev75@woothemes.com,Female,2932 Grayhawk Street
259,Neil,Done,ndone76@aboutads.info,Male,59 Lakeland Pass
260,Jeremias,Chapell,jchapell77@parallels.com,Male,0 Warrior Crossing
261,Berty,Mollatt,bmollatt78@youku.com,Female,5648 Arizona Drive
262,Evelyn,Huntriss,ehuntriss79@auda.org.au,Male,1 Elmside Road
263,Biddie,Shirer,bshirer7a@smh.com.au,Female,630 Northland Trail
264,Stephana,Restieaux,srestieaux7b@oaic.gov.au,Female,13799 Lien Drive
265,Rosabella,Caddock,rcaddock7c@symantec.com,Female,56583 Ridgeview Place
266,Kenna,Collick,kcollick7d@shareasale.com,Female,99 Lerdahl Avenue
267,Clywd,Sowte,csowte7e@japanpost.jp,Male,26941 Stone Corner Parkway
268,Marybeth,Loidl,mloidl7f@clickbank.net,Female,6014 Spohn Street
269,Thebault,Obin,tobin7g@desdev.cn,Male,56 Buhler Center
270,Laural,Gerred,lgerred7h@smugmug.com,Female,937 Shasta Drive
271,Solomon,Cleyburn,scleyburn7i@freewebs.com,Male,1786 Sunbrook Crossing
272,Morton,Forsdike,mforsdike7j@state.gov,Male,3 Vermont Drive
273,Alanson,Willoughway,awilloughway7k@abc.net.au,Male,44 Helena Avenue
274,Addy,Cater,acater7l@ftc.gov,Male,65167 Pankratz Crossing
275,Ange,Dommersen,adommersen7m@archive.org,Female,6 Kim Alley
276,Selig,Woolfitt,swoolfitt7n@hexun.com,Male,98 Blue Bill Park Hill
277,Rheba,Solleme,rsolleme7o@mtv.com,Female,10 Dixon Terrace
278,Margaux,Guirard,mguirard7p@foxnews.com,Bigender,7749 Daystar Alley
279,Blinni,Godber,bgodber7q@wordpress.com,Female,202 Park Meadow Center
280,Ephraim,Fulle,efulle7r@clickbank.net,Male,04 Annamark Parkway
281,Kelby,Lesper,klesper7s@npr.org,Male,05795 Iowa Avenue
282,Korey,Deane,kdeane7t@tiny.cc,Male,66 Macpherson Point
283,Cynthie,Gott,cgott7u@timesonline.co.uk,Female,1737 Little Fleur Pass
284,Ramonda,Axup,raxup7v@ocn.ne.jp,Female,0019 Delaware Street
285,Slade,Hendrich,shendrich7w@posterous.com,Male,87 Spenser Court
286,Jaquelin,Cud,jcud7x@yale.edu,Female,721 Westport Trail
287,Arie,Szimoni,aszimoni7y@nature.com,Male,263 Sutherland Court
288,Evelyn,Wagstaffe,ewagstaffe7z@cnet.com,Male,8168 Northridge Avenue
289,Teena,Camilio,tcamilio80@sbwire.com,Female,5 Melby Alley
290,Sybille,Baine,sbaine81@wikipedia.org,Female,487 Nancy Junction
291,Kimberli,Ebbage,kebbage82@berkeley.edu,Polygender,2510 Grasskamp Drive
292,Eberto,Ambage,eambage83@google.com.br,Male,230 Bluestem Terrace
293,Delora,Cowing,dcowing84@mail.ru,Female,89 Stone Corner Place
294,Terrel,Mackley,tmackley85@umich.edu,Male,68590 Eastlawn Junction
295,Fay,McIlhagga,fmcilhagga86@webmd.com,Female,2876 Independence Parkway
296,Guenevere,Liccardi,gliccardi87@admin.ch,Female,658 Delaware Trail
297,Wynny,Cheater,wcheater88@barnesandnoble.com,Female,76 Prentice Crossing
298,Ermentrude,Britch,ebritch89@networkadvertising.org,Female,3 Sullivan Trail
299,Carolus,Humberstone,chumberstone8a@nationalgeographic.com,Male,7 Graceland Lane
300,Alric,Steiner,asteiner8b@msn.com,Male,5 Ridgeway Drive
301,Jorge,Pady,jpady8c@nytimes.com,Male,963 Carey Avenue
302,Helga,Blackshaw,hblackshaw8d@whitehouse.gov,Female,74610 Waywood Circle
303,Harry,Aggiss,haggiss8e@wufoo.com,Male,98658 Manley Park
304,Pepita,Sellers,psellers8f@bluehost.com,Female,9 Darwin Road
305,Huntington,Ayree,hayree8g@nyu.edu,Male,2736 Clarendon Avenue
306,Emmanuel,Dabourne,edabourne8h@yahoo.com,Male,3409 Springs Avenue
307,Isabeau,Mustarde,imustarde8i@si.edu,Female,059 Kedzie Terrace
308,Ema,Smickle,esmickle8j@unc.edu,Female,95 Dahle Crossing
309,Isadora,Wince,iwince8k@prweb.com,Female,85 Havey Terrace
310,Lorraine,Foystone,lfoystone8l@gov.uk,Female,16 Blaine Terrace
311,Ebonee,Baxandall,ebaxandall8m@harvard.edu,Genderqueer,03 Buell Court
312,Rheba,Cullinane,rcullinane8n@techcrunch.com,Female,256 Drewry Plaza
313,Darius,Izakov,dizakov8o@hexun.com,Male,5 2nd Point
314,Blaire,Molan,bmolan8p@samsung.com,Female,79467 Shelley Way
315,Evin,Sterrie,esterrie8q@mlb.com,Male,2445 Del Mar Center
316,Katherina,Calafato,kcalafato8r@kickstarter.com,Female,78 Corben Terrace
317,Allison,Andrieu,aandrieu8s@yandex.ru,Female,40 Carberry Place
318,Margit,Backen,mbacken8t@seattletimes.com,Non-binary,3 Briar Crest Park
319,Ransom,Dymidowicz,rdymidowicz8u@mapquest.com,Agender,0 Village Green Avenue
320,Sterling,Eaden,seaden8v@google.es,Male,3 Sage Parkway
321,Corliss,Rickaby,crickaby8w@xrea.com,Genderqueer,33 Starling Way
322,Winne,Carlsen,wcarlsen8x@miibeian.gov.cn,Female,444 Elka Court
323,Brok,Westphalen,bwestphalen8y@wordpress.org,Male,5 Graceland Circle
324,Jerrome,Wand,jwand8z@skyrock.com,Male,601 Banding Pass
325,Maureene,Reddick,mreddick90@economist.com,Female,4 Delaware Road
326,Yorker,Jenks,yjenks91@reference.com,Male,6753 Judy Plaza
327,Keenan,Riccard,kriccard92@digg.com,Male,54361 Waubesa Place
328,Brita,Mullany,bmullany93@hud.gov,Female,667 Prairie Rose Park
329,Oliy,Puve,opuve94@tuttocitta.it,Female,44 Sullivan Lane
330,Barris,Ciobutaro,bciobutaro95@google.co.uk,Male,8 Oak Valley Point
331,Ben,Kraut,bkraut96@ibm.com,Male,17078 Mandrake Trail
332,Anthony,Gorgen,agorgen97@blogtalkradio.com,Male,4027 Victoria Park
333,Jerrie,Maude,jmaude98@walmart.com,Male,69543 Ronald Regan Court
334,Damien,McClintock,dmcclintock99@hc360.com,Male,08883 Harbort Avenue
335,Kareem,Pheazey,kpheazey9a@comsenz.com,Male,9 Hoepker Trail
336,Minta,Oldall,moldall9b@e-recht24.de,Female,8809 Gina Drive
337,Ali,Mc Meekin,amcmeekin9c@github.com,Female,8 Westport Point
338,Jerrome,Shires,jshires9d@wordpress.org,Male,16 Kensington Alley
339,Ricki,Ivamy,rivamy9e@hatena.ne.jp,Genderqueer,236 Evergreen Street
340,Leeann,Echalie,lechalie9f@theguardian.com,Female,76673 Ronald Regan Parkway
341,Garald,Corby,gcorby9g@twitter.com,Male,5 Killdeer Point
342,Shurlocke,Derisly,sderisly9h@google.es,Male,0 Lerdahl Center
343,Allayne,Greenalf,agreenalf9i@ustream.tv,Male,07 Havey Place
344,Caddric,Kettell,ckettell9j@opensource.org,Non-binary,310 Del Mar Center
345,Vanya,Gillatt,vgillatt9k@unicef.org,Female,970 Acker Center
346,Carmencita,Hatherleigh,chatherleigh9l@usgs.gov,Female,912 Prairie Rose Street
347,Marilee,Harmar,mharmar9m@alibaba.com,Female,61879 Hooker Road
348,Shayna,Lautie,slautie9n@utexas.edu,Female,94 International Plaza
349,Gallagher,Birchenough,gbirchenough9o@google.com.au,Male,09 Lindbergh Point
350,Maryanne,Grzeszczyk,mgrzeszczyk9p@exblog.jp,Female,16 Russell Avenue
351,Nolly,Bain,nbain9q@hc360.com,Male,1 Lunder Junction
352,Chaddie,Siflet,csiflet9r@e-recht24.de,Male,056 Miller Park
353,Baxie,Comber,bcomber9s@yandex.ru,Male,3183 Walton Center
354,Amitie,Corrie,acorrie9t@irs.gov,Genderqueer,11035 Old Gate Park
355,Ardella,Vasenkov,avasenkov9u@wikimedia.org,Female,16760 Tennessee Junction
356,Adria,Boscher,aboscher9v@wikispaces.com,Female,53167 Burning Wood Trail
357,Alla,McQuilliam,amcquilliam9w@i2i.jp,Female,223 Old Gate Junction
358,Terrye,Petrushka,tpetrushka9x@dmoz.org,Non-binary,969 David Hill
359,Elvira,Sprasen,esprasen9y@bizjournals.com,Female,29220 Meadow Ridge Crossing
360,Leonid,Zanettini,lzanettini9z@opera.com,Male,2 Coolidge Crossing
361,Dimitri,Callow,dcallowa0@blogs.com,Agender,7 Acker Plaza
362,Stillmann,Iozefovich,siozefovicha1@seattletimes.com,Male,23618 Mccormick Road
363,Gianna,Lowdwell,glowdwella2@prlog.org,Female,6 Carpenter Plaza
364,Lynnet,Gower,lgowera3@nationalgeographic.com,Female,4 Corry Hill
365,Rosetta,Toulch,rtoulcha4@telegraph.co.uk,Genderqueer,861 Coolidge Court
366,Dewey,Hubane,dhubanea5@phpbb.com,Male,396 Huxley Hill
367,Lizette,Seabrocke,lseabrockea6@zdnet.com,Female,6597 Badeau Street
368,Netti,Quartermain,nquartermaina7@free.fr,Female,105 Thierer Junction
369,Saunders,Garmon,sgarmona8@upenn.edu,Male,55 Erie Drive
370,Neale,Peegrem,npeegrema9@dion.ne.jp,Male,26819 Dovetail Alley
371,Salmon,Asher,sasheraa@sfgate.com,Agender,0897 Prairieview Alley
372,Talyah,Kingham,tkinghamab@wp.com,Female,78 Monument Center
373,Golda,Nemchinov,gnemchinovac@theatlantic.com,Female,60724 Toban Parkway
374,Graeme,Coye,gcoyead@buzzfeed.com,Male,0183 Mccormick Crossing
375,Darell,Hazel,dhazelae@taobao.com,Female,8525 Hudson Court
376,Beryl,Allot,ballotaf@phpbb.com,Female,938 Sullivan Plaza
377,Karney,O'Tierney,kotierneyag@netlog.com,Male,8 Lien Circle
378,Caye,Olney,colneyah@ucla.edu,Female,7073 Union Junction
379,Em,Gildersleeve,egildersleeveai@google.it,Female,43144 Orin Point
380,Brandice,Hadlington,bhadlingtonaj@chron.com,Female,6809 Mallory Way
381,Rutherford,Middlemiss,rmiddlemissak@ftc.gov,Male,4614 Vahlen Junction
382,Maurizio,Bagnell,mbagnellal@engadget.com,Male,48254 Hallows Crossing
383,Alva,Sunter,asunteram@skype.com,Male,30 Monument Street
384,Gifford,Kolakovic,gkolakovican@storify.com,Male,37016 Doe Crossing Crossing
385,Donnajean,Silcocks,dsilcocksao@examiner.com,Female,611 Miller Circle
386,Shelli,Jamot,sjamotap@livejournal.com,Female,0707 Mayfield Junction
387,Friedrich,Bothwell,fbothwellaq@tumblr.com,Male,6 Sutherland Place
388,Tony,Manis,tmanisar@ask.com,Non-binary,67521 Summit Crossing
389,Forrest,Caselli,fcasellias@dyndns.org,Male,611 Weeping Birch Avenue
390,Salim,Haylands,shaylandsat@bluehost.com,Male,86939 Hazelcrest Court
391,Julia,Jozef,jjozefau@ox.ac.uk,Female,6 Division Junction
392,Stavro,Bein,sbeinav@netlog.com,Male,662 Laurel Point
393,Bran,Bortoletti,bbortolettiaw@hostgator.com,Male,70920 Anzinger Way
394,Jaymee,Bache,jbacheax@bizjournals.com,Female,736 Redwing Crossing
395,Allyson,Jonathon,ajonathonay@exblog.jp,Female,49 Starling Alley
396,Collin,Scoggans,cscoggansaz@msn.com,Male,01 Lakewood Plaza
397,Bartholomeus,Mitrikhin,bmitrikhinb0@army.mil,Genderqueer,98 Almo Circle
398,Thayne,Volante,tvolanteb1@1688.com,Male,0 Lakeland Avenue
399,Rockwell,Heeran,rheeranb2@arstechnica.com,Male,8 Garrison Avenue
400,Giff,Hylton,ghyltonb3@eventbrite.com,Male,007 Almo Alley
401,Jeramie,Baldacchi,jbaldacchib4@altervista.org,Male,6397 Crest Line Alley
402,Kathy,Jennions,kjennionsb5@scribd.com,Female,227 Huxley Point
403,Ari,Greave,agreaveb6@github.io,Male,00 Troy Avenue
404,Dorrie,Corpe,dcorpeb7@sfgate.com,Female,47773 Monument Pass
405,Annie,Braybrooks,abraybrooksb8@miibeian.gov.cn,Female,41722 Debs Point
406,Concettina,Jenkinson,cjenkinsonb9@dailymotion.com,Female,45595 Blue Bill Park Circle
407,Goran,Saltmarsh,gsaltmarshba@ftc.gov,Male,9602 Spenser Point
408,Silvain,Ballin,sballinbb@opensource.org,Male,795 Ridge Oak Court
409,Winnah,Branchett,wbranchettbc@springer.com,Female,755 Oriole Crossing
410,Marnia,Towey,mtoweybd@cornell.edu,Female,70 Quincy Junction
411,Mata,McCheyne,mmccheynebe@usgs.gov,Male,84686 Autumn Leaf Alley
412,Salomon,Bardill,sbardillbf@examiner.com,Male,4 Fulton Pass
413,Merline,Squires,msquiresbg@cargocollective.com,Female,99 Kensington Court
414,Tuckie,Lothlorien,tlothlorienbh@bbb.org,Male,29803 Westridge Plaza
415,Esdras,Dennes,edennesbi@washington.edu,Male,41548 Clyde Gallagher Alley
416,Sonya,Tschirschky,stschirschkybj@diigo.com,Female,75129 Farragut Avenue
417,Smitty,Klejin,sklejinbk@merriam-webster.com,Agender,99 Dahle Alley
418,Bordy,Noni,bnonibl@mit.edu,Male,4120 Elgar Trail
419,Eamon,Linkin,elinkinbm@studiopress.com,Polygender,386 Memorial Center
420,Gav,Benda,gbendabn@slideshare.net,Male,542 David Road
421,Ramsey,Laurenty,rlaurentybo@bluehost.com,Bigender,28321 Helena Circle
422,Paulette,Jamieson,pjamiesonbp@ft.com,Female,738 Pankratz Plaza
423,Thatch,Louw,tlouwbq@list-manage.com,Male,895 Evergreen Drive
424,Gayler,Greensmith,ggreensmithbr@samsung.com,Male,046 Union Plaza
425,Quintina,Leddy,qleddybs@sbwire.com,Female,6 Warbler Alley
426,Brittan,Cawdron,bcawdronbt@usnews.com,Agender,5742 Morrow Circle
427,Lee,Tofanelli,ltofanellibu@elpais.com,Female,5 Clyde Gallagher Road
428,Mohandas,Baly,mbalybv@desdev.cn,Male,1 Park Meadow Court
429,Marika,Strick,mstrickbw@plala.or.jp,Female,71 Cottonwood Way
430,Derril,Scotti,dscottibx@mysql.com,Male,32129 Schlimgen Point
431,Kellen,Dannett,kdannettby@imgur.com,Male,50546 Rockefeller Street
432,Giovanni,Cassell,gcassellbz@wix.com,Male,3 Northview Trail
433,Lonny,Aitcheson,laitchesonc0@biblegateway.com,Male,78 Michigan Center
434,Zollie,Mewes,zmewesc1@pen.io,Male,0 Bowman Court
435,Danny,Maulkin,dmaulkinc2@over-blog.com,Female,5204 Anderson Junction
436,Howie,Maryska,hmaryskac3@opera.com,Non-binary,3017 Elmside Plaza
437,Mel,Merrin,mmerrinc4@theguardian.com,Female,208 Grim Trail
438,Anne-corinne,Lycett,alycettc5@de.vu,Female,1 Luster Crossing
439,Dewitt,Bourton,dbourtonc6@blogspot.com,Genderfluid,06447 Dahle Hill
440,Ebony,Dowdam,edowdamc7@nymag.com,Female,640 Anhalt Circle
441,Aubrey,Polly,apollyc8@t-online.de,Female,344 Goodland Junction
442,Grenville,Siggs,gsiggsc9@usnews.com,Male,3743 Old Gate Circle
443,Haley,Kempston,hkempstonca@dot.gov,Male,4576 Fallview Road
444,Lynna,Grzes,lgrzescb@opensource.org,Female,960 Lunder Drive
445,Yolande,Tonna,ytonnacc@hud.gov,Female,6 Lakeland Plaza
446,Cathyleen,Lapenna,clapennacd@reddit.com,Female,0 Cambridge Place
447,Wakefield,Mattingly,wmattinglyce@surveymonkey.com,Male,2132 Monument Junction
448,Murray,Tomei,mtomeicf@php.net,Agender,7 Milwaukee Junction
449,Barnebas,Perview,bperviewcg@squarespace.com,Male,64 Northland Point
450,Gustie,De Santos,gdesantosch@npr.org,Female,9365 Marquette Junction
451,Jude,Flancinbaum,jflancinbaumci@hao123.com,Male,795 Dakota Street
452,Dulcinea,Sorro,dsorrocj@ucla.edu,Female,6669 6th Point
453,Aura,Harkes,aharkesck@loc.gov,Bigender,3 Bunting Court
454,Hatty,Hardern,hharderncl@java.com,Female,45 Artisan Drive
455,Ignacius,Ivanishin,iivanishincm@fema.gov,Male,123 Coolidge Terrace
456,Devan,Eginton,degintoncn@pinterest.com,Female,074 Reindahl Court
457,Spike,Eby,sebyco@cdc.gov,Male,2 Fulton Crossing
458,Lon,Dowda,ldowdacp@pagesperso-orange.fr,Male,45360 Dahle Road
459,Sheilah,Tippett,stippettcq@umich.edu,Female,6 Bunting Way
460,Zacharias,Lisamore,zlisamorecr@princeton.edu,Male,75901 Crescent Oaks Terrace
461,Sephira,Askell,saskellcs@mozilla.org,Bigender,3602 Arrowood Parkway
462,Val,O'Brogan,vobroganct@cnet.com,Female,82 Clemons Crossing
463,Bartholomeo,Seabert,bseabertcu@ed.gov,Male,8 Heath Drive
464,Joan,Mowlam,jmowlamcv@independent.co.uk,Female,85 Garrison Trail
465,Carlin,Binestead,cbinesteadcw@free.fr,Female,230 Cardinal Way
466,Gar,Josef,gjosefcx@mit.edu,Male,32 Waywood Avenue
467,Alon,Egerton,aegertoncy@cnbc.com,Male,0 Charing Cross Terrace
468,Berky,Yuryatin,byuryatincz@paypal.com,Male,1310 Dayton Circle
469,Clarita,Pfaffe,cpfaffed0@naver.com,Female,4096 Manufacturers Trail
470,Dionysus,Purcer,dpurcerd1@weibo.com,Male,697 Elgar Parkway
471,Luci,Dewi,ldewid2@weibo.com,Female,67991 Center Terrace
472,Roslyn,Grzelczyk,rgrzelczykd3@va.gov,Female,85466 Randy Point
473,Zandra,Hurtado,zhurtadod4@time.com,Female,04497 Northwestern Trail
474,Erek,Wint,ewintd5@mozilla.org,Male,82958 Hudson Lane
475,Correy,Pocklington,cpocklingtond6@ft.com,Female,90072 Londonderry Court
476,Gerhard,Chatainier,gchatainierd7@umn.edu,Male,9 Merry Avenue
477,Elsworth,Concannon,econcannond8@ameblo.jp,Male,5431 Old Shore Parkway
478,Desiree,Haugeh,dhaugehd9@tinypic.com,Female,240 Acker Pass
479,Vidovik,Crosscombe,vcrosscombeda@princeton.edu,Male,10791 Delaware Terrace
480,Drona,Mennear,dmenneardb@samsung.com,Female,8257 Luster Center
481,Daryn,Dudenie,ddudeniedc@smh.com.au,Female,66097 Summit Avenue
482,Ryann,McMakin,rmcmakindd@seesaa.net,Female,26470 Ridgeway Park
483,Walden,Bartell,wbartellde@edublogs.org,Male,37330 Montana Crossing
484,Melly,Gorman,mgormandf@pinterest.com,Non-binary,4787 Judy Trail
485,Delcina,Hiers,dhiersdg@gmpg.org,Female,744 West Road
486,Garek,Rodenburgh,grodenburghdh@salon.com,Male,4 Eagan Street
487,Onofredo,Cay,ocaydi@berkeley.edu,Male,6916 Emmet Pass
488,Mischa,Foynes,mfoynesdj@discuz.net,Male,872 Kedzie Parkway
489,Janith,Kardos-Stowe,jkardosstowedk@wix.com,Female,528 Shoshone Avenue
490,Rudy,Dower,rdowerdl@cnet.com,Male,83071 Summit Crossing
491,Stanislaus,Lainton,slaintondm@homestead.com,Male,37 Longview Circle
492,Cleopatra,Kuhnt,ckuhntdn@washington.edu,Female,0 Prairie Rose Parkway
493,Griffie,Griffey,ggriffeydo@amazon.de,Male,854 Arapahoe Road
494,Vivie,Brownett,vbrownettdp@va.gov,Female,9 Pleasure Parkway
495,Quintin,Giacomuzzo,qgiacomuzzodq@redcross.org,Male,31 Farmco Hill
496,Whitaker,Trevon,wtrevondr@nbcnews.com,Male,082 Miller Alley
497,Ranice,de Keep,rdekeepds@freewebs.com,Female,4 Schurz Junction
498,Chet,Dotterill,cdotterilldt@yandex.ru,Non-binary,41878 Judy Junction
499,Kim,Gwatkins,kgwatkinsdu@last.fm,Female,0646 Parkside Road
500,Lonny,Mucci,lmuccidv@e-recht24.de,Male,42 Aberg Street
501,Hogan,Brewett,hbrewettdw@japanpost.jp,Male,7472 Dennis Place
502,Lisetta,Doud,ldouddx@phpbb.com,Female,05 Scofield Drive
503,Courtney,McLuckie,cmcluckiedy@xing.com,Female,8 Division Park
504,Leisha,Heinsh,lheinshdz@paypal.com,Genderqueer,89476 Stone Corner Drive
505,Base,Conre,bconree0@microsoft.com,Male,170 Moland Point
506,Brewster,Brower,bbrowere1@studiopress.com,Male,3 Dexter Road
507,Dyane,Ingleston,dinglestone2@ihg.com,Female,39432 Buena Vista Circle
508,Dickie,Prangnell,dprangnelle3@tmall.com,Male,4 Buhler Way
509,Sinclair,Gorgler,sgorglere4@wired.com,Male,82008 Miller Pass
510,Rebecca,Igglesden,rigglesdene5@who.int,Female,743 Debra Circle
511,Mallissa,Oliva,molivae6@mlb.com,Female,476 Katie Lane
512,Bendix,Faich,bfaiche7@google.ca,Male,120 Springs Road
513,Hilary,Lorkins,hlorkinse8@a8.net,Female,1289 Green Ridge Plaza
514,Leonard,Bugs,lbugse9@hugedomains.com,Male,99 Comanche Court
515,Clement,Sinderland,csinderlandea@shinystat.com,Male,71677 Rigney Parkway
516,Antone,Piscopiello,apiscopielloeb@nps.gov,Male,850 Pond Hill
517,Antonetta,McQuaker,amcquakerec@tumblr.com,Female,59 Clove Terrace
518,Emery,Rivalland,erivallanded@google.es,Male,1580 Arizona Street
519,Katerina,Whittlesea,kwhittleseaee@goo.ne.jp,Female,61228 Garrison Place
520,Randal,Fortey,rforteyef@cdc.gov,Male,6 Morrow Lane
521,Orland,Eplate,oeplateeg@discuz.net,Male,27803 Laurel Lane
522,Celestina,Organer,corganereh@pcworld.com,Female,92 Mayer Point
523,Windham,Woodrow,wwoodrowei@nsw.gov.au,Male,4329 Rieder Lane
524,Rea,De Benedictis,rdebenedictisej@uiuc.edu,Female,23577 Hanson Crossing
525,Matt,Pluck,mpluckek@digg.com,Male,24270 Old Gate Avenue
526,Celene,Borgnol,cborgnolel@samsung.com,Female,86 Pond Road
527,Charlena,Meriguet,cmeriguetem@ocn.ne.jp,Female,55 Prairie Rose Street
528,Burk,Decourcy,bdecourcyen@furl.net,Male,0 Surrey Parkway
529,Thorin,Stuck,tstuckeo@discuz.net,Male,067 Fallview Street
530,Coretta,Soitoux,csoitouxep@huffingtonpost.com,Female,890 Jenna Trail
531,Sandy,Farres,sfarreseq@deviantart.com,Male,56 Anhalt Circle
532,Car,Rumble,crumbleer@hugedomains.com,Male,127 Brentwood Pass
533,Franklin,Somerville,fsomervillees@ehow.com,Male,16 Corben Pass
534,Viviene,Hatfield,vhatfieldet@bing.com,Female,9 Sullivan Point
535,Jyoti,Coumbe,jcoumbeeu@cisco.com,Female,7972 Manitowish Parkway
536,Danette,Caillou,dcaillouev@zimbio.com,Female,7605 Clarendon Trail
537,Elmore,Chapple,echappleew@hud.gov,Male,218 3rd Drive
538,Barbabra,Adamski,badamskiex@slideshare.net,Female,64304 Merrick Junction
539,Rhoda,Roebottom,rroebottomey@sciencedaily.com,Female,31339 Cherokee Way
540,Aldon,Letchford,aletchfordez@mit.edu,Male,24215 Center Center
541,Donovan,Warstall,dwarstallf0@earthlink.net,Male,0365 Jackson Place
542,Alys,Ingraham,aingrahamf1@jugem.jp,Female,499 Novick Road
543,Vivianne,Carlozzi,vcarlozzif2@sphinn.com,Female,25377 Fulton Drive
544,Germain,Jammet,gjammetf3@sciencedirect.com,Female,2934 Talisman Pass
545,Merci,Suggett,msuggettf4@nsw.gov.au,Genderfluid,5814 Donald Junction
546,Merrile,Eisold,meisoldf5@lycos.com,Female,838 Messerschmidt Road
547,Cassondra,Coare,ccoaref6@skyrock.com,Genderfluid,709 Reindahl Court
548,Rivkah,Aggott,raggottf7@guardian.co.uk,Polygender,58 Fallview Hill
549,Harlen,Tebbs,htebbsf8@creativecommons.org,Male,55002 Blaine Parkway
550,Ferdy,Martinson,fmartinsonf9@amazon.co.uk,Genderqueer,18 Walton Lane
551,Mara,Cromarty,mcromartyfa@ca.gov,Female,587 Havey Circle
552,Cosimo,Macbane,cmacbanefb@cdbaby.com,Male,759 Butternut Plaza
553,Drucill,Bushell,dbushellfc@jigsy.com,Female,503 Havey Point
554,Lyell,McCague,lmccaguefd@about.com,Male,13738 Melvin Junction
555,Wilfred,Deeming,wdeemingfe@independent.co.uk,Male,63 Sutteridge Circle
556,Reinaldos,Leavey,rleaveyff@tuttocitta.it,Male,5 Blaine Terrace
557,Dedra,Luberti,dlubertifg@hostgator.com,Female,5638 Chinook Point
558,Lyda,Whall,lwhallfh@cocolog-nifty.com,Female,97 Prairieview Parkway
559,Ryan,Crosscombe,rcrosscombefi@dell.com,Male,68 Canary Park
560,Erina,Bonifacio,ebonifaciofj@jalbum.net,Female,10 Trailsway Pass
561,Paige,Blackford,pblackfordfk@people.com.cn,Female,5 Lotheville Avenue
562,Clementius,Hefford,cheffordfl@reddit.com,Male,75 Meadow Ridge Way
563,Herrick,Winridge,hwinridgefm@creativecommons.org,Male,084 Katie Way
564,Sawyere,Jefferys,sjefferysfn@youku.com,Male,545 Johnson Parkway
565,Keven,Niblo,kniblofo@usda.gov,Male,6 East Court
566,Gerry,Seago,gseagofp@example.com,Female,53986 Heath Terrace
567,Dannel,Cashell,dcashellfq@dmoz.org,Male,97 Vernon Street
568,Georgeanne,Mintoft,gmintoftfr@virginia.edu,Female,2 Coolidge Point
569,Persis,Pragnall,ppragnallfs@wisc.edu,Female,50364 Old Shore Center
570,Robinet,Palfery,rpalferyft@paginegialle.it,Female,6702 Hoepker Circle
571,Genny,Gamell,ggamellfu@clickbank.net,Female,697 International Lane
572,Flynn,Harroway,fharrowayfv@home.pl,Male,04 Pepper Wood Trail
573,Dennet,Abys,dabysfw@examiner.com,Male,73 Manufacturers Trail
574,Tedra,McEntegart,tmcentegartfx@bbb.org,Female,98024 Kensington Alley
575,Mable,Davisson,mdavissonfy@npr.org,Female,8703 Ridge Oak Parkway
576,Latrina,Denison,ldenisonfz@shutterfly.com,Female,2 Elka Lane
577,Justinian,Macro,jmacrog0@wufoo.com,Male,10346 Kings Plaza
578,Ashley,Farnon,afarnong1@vistaprint.com,Male,9397 Donald Avenue
579,Odie,McCutheon,omccutheong2@ow.ly,Male,8559 Ruskin Alley
580,Jilly,Damerell,jdamerellg3@ftc.gov,Female,6502 Victoria Parkway
581,Flori,Mathe,fmatheg4@list-manage.com,Female,42 Scofield Terrace
582,Lira,Burdikin,lburdiking5@sakura.ne.jp,Female,8923 Heffernan Road
583,Henrie,Elms,helmsg6@flavors.me,Female,16944 Hovde Center
584,Darelle,Fadian,dfadiang7@geocities.com,Female,4 Briar Crest Drive
585,Melitta,Youtead,myouteadg8@whitehouse.gov,Genderfluid,93086 Dorton Plaza
586,Eden,Jaffra,ejaffrag9@hao123.com,Female,50 Holmberg Hill
587,Hilton,Trewin,htrewinga@sohu.com,Male,50 Farragut Road
588,Cate,Szubert,cszubertgb@bbb.org,Female,9301 Artisan Lane
589,Cesaro,Brend,cbrendgc@aol.com,Male,53467 Dakota Terrace
590,Henrieta,Beert,hbeertgd@mediafire.com,Female,571 Claremont Way
591,Carie,Henaughan,chenaughange@guardian.co.uk,Female,62 7th Lane
592,Teddie,Darte,tdartegf@github.com,Male,0153 Talisman Hill
593,Felix,Lygo,flygogg@illinois.edu,Male,8257 Clemons Trail
594,Kipp,Trouncer,ktrouncergh@weebly.com,Polygender,315 Johnson Park
595,Angelo,Pennells,apennellsgi@blogspot.com,Male,03 Schmedeman Plaza
596,Gui,Crowcher,gcrowchergj@blogs.com,Agender,0 Spohn Alley
597,Bud,Dows,bdowsgk@github.com,Agender,69132 Old Gate Point
598,Alvin,Pitford,apitfordgl@tmall.com,Male,10 Northview Parkway
599,Francesco,Rummery,frummerygm@altervista.org,Male,57642 Buell Road
600,Cilka,Plumstead,cplumsteadgn@salon.com,Genderfluid,221 Golf Course Terrace
601,Rania,Winser,rwinsergo@icio.us,Female,2479 School Street
602,Ivonne,Bydaway,ibydawaygp@feedburner.com,Female,41 Comanche Place
603,Valentine,Kolodziejski,vkolodziejskigq@stumbleupon.com,Male,716 Fremont Crossing
604,Sander,Haily,shailygr@statcounter.com,Male,7 Esker Crossing
605,Jecho,Turfitt,jturfittgs@statcounter.com,Male,5 Hoffman Place
606,Kary,Klampt,kklamptgt@fc2.com,Female,514 Debra Center
607,Johanna,Strewther,jstrewthergu@shop-pro.jp,Female,7 Anzinger Center
608,Cece,Cowins,ccowinsgv@indiatimes.com,Male,86190 Schiller Trail
609,Denis,Coram,dcoramgw@goo.ne.jp,Male,51510 Rutledge Lane
610,Alfy,Vivyan,avivyangx@livejournal.com,Male,67866 Monument Point
611,Robin,Densie,rdensiegy@dailymail.co.uk,Male,33 Northview Pass
612,Wenda,Hawker,whawkergz@dedecms.com,Female,542 Bowman Terrace
613,Bobby,Georger,bgeorgerh0@wsj.com,Male,5787 Esch Park
614,Karlis,Heinl,kheinlh1@google.co.jp,Male,96 Fair Oaks Hill
615,Caitlin,Jachimczak,cjachimczakh2@opera.com,Female,3227 Jana Circle
616,Kat,Tembey,ktembeyh3@springer.com,Bigender,8 6th Parkway
617,Dorotea,M'Quharge,dmquhargeh4@mapquest.com,Female,05 Hanover Center
618,Kaleena,Abernethy,kabernethyh5@usda.gov,Female,2859 Village Green Lane
619,Dore,Matresse,dmatresseh6@uol.com.br,Female,52 Hazelcrest Avenue
620,Huey,Schulze,hschulzeh7@hc360.com,Male,9882 Nelson Lane
621,Danika,Challicum,dchallicumh8@topsy.com,Female,985 Lindbergh Crossing
622,Verna,Grellier,vgrellierh9@nymag.com,Female,940 Leroy Point
623,Kingston,Taberner,ktabernerha@networkadvertising.org,Male,8858 Mallard Parkway
624,Lenka,Roantree,lroantreehb@networkadvertising.org,Female,3 Judy Crossing
625,Sherwood,Mincher,smincherhc@state.tx.us,Male,27 Moland Parkway
626,Maddi,Spaven,mspavenhd@squarespace.com,Female,9 Pearson Hill
627,Cathe,Wathall,cwathallhe@icio.us,Female,5765 Farmco Lane
628,Myca,Christopher,mchristopherhf@cbsnews.com,Male,53 Bayside Hill
629,Emmet,McCosker,emccoskerhg@businessinsider.com,Male,240 Heffernan Avenue
630,Linus,Schnieder,lschniederhh@nydailynews.com,Male,37 Union Road
631,Kirk,Quainton,kquaintonhi@slashdot.org,Male,0874 Hauk Road
632,Genny,Lovelady,gloveladyhj@unc.edu,Polygender,661 Merchant Hill
633,Sonnie,Dmitrovic,sdmitrovichk@blogger.com,Female,5 Union Hill
634,Paulie,Besemer,pbesemerhl@wisc.edu,Male,4 Main Drive
635,Conni,Sterling,csterlinghm@latimes.com,Female,3 Carioca Parkway
636,Noble,Littrell,nlittrellhn@engadget.com,Male,472 Gina Park
637,Panchito,Iwaszkiewicz,piwaszkiewiczho@over-blog.com,Male,0 Rockefeller Alley
638,Olenka,Hourigan,ohouriganhp@walmart.com,Female,8 Pierstorff Center
639,Wittie,Woolaghan,wwoolaghanhq@dropbox.com,Male,350 Melvin Plaza
640,Fabien,Frede,ffredehr@chron.com,Male,29737 Kings Road
641,Bettina,Tierny,btiernyhs@privacy.gov.au,Female,4 Summer Ridge Hill
642,Drona,Corbert,dcorbertht@dion.ne.jp,Female,06306 Forest Dale Junction
643,Charmaine,Lisett,clisetthu@time.com,Female,1496 Golden Leaf Point
644,Izaak,Nealey,inealeyhv@w3.org,Male,6775 Lerdahl Plaza
645,Alexia,Parsell,aparsellhw@shop-pro.jp,Female,8 Hazelcrest Terrace
646,Salome,Elvish,selvishhx@google.com.br,Female,18758 Maple Alley
647,Melva,Helks,mhelkshy@netvibes.com,Female,8566 Coleman Junction
648,Bernetta,Tredinnick,btredinnickhz@yellowbook.com,Female,508 Briar Crest Circle
649,Adele,Joan,ajoani0@sphinn.com,Female,282 Anhalt Road
650,Eve,Godlip,egodlipi1@mac.com,Female,7466 Moland Terrace
651,Leodora,Angelo,langeloi2@google.es,Female,306 Autumn Leaf Drive
652,Correy,Niven,cniveni3@diigo.com,Male,3632 Kropf Circle
653,Sigfrid,Heggs,sheggsi4@ocn.ne.jp,Male,2097 Delladonna Pass
654,Ansell,O'Caherny,aocahernyi5@nih.gov,Male,23 Boyd Road
655,Marthena,Heyfield,mheyfieldi6@usgs.gov,Female,693 Acker Place
656,Wenonah,Drinkhill,wdrinkhilli7@bing.com,Female,83434 Division Pass
657,Adlai,MacVicar,amacvicari8@mit.edu,Male,56103 Oriole Road
658,Ellerey,Reyburn,ereyburni9@php.net,Male,3650 High Crossing Court
659,Kris,Turfin,kturfinia@multiply.com,Male,66 Helena Plaza
660,Viviene,Paragreen,vparagreenib@alexa.com,Female,07 Derek Parkway
661,Margaux,Racher,mracheric@usatoday.com,Bigender,4 Continental Alley
662,Afton,Turfus,aturfusid@arstechnica.com,Non-binary,6735 Crownhardt Place
663,Oren,Eckford,oeckfordie@illinois.edu,Agender,8043 Norway Maple Terrace
664,Andy,Farquhar,afarquharif@ovh.net,Male,62732 Morrow Place
665,Adela,Thomas,athomasig@wiley.com,Female,44 Susan Point
666,Madeline,Batchelour,mbatchelourih@godaddy.com,Female,7060 North Junction
667,Hodge,Scourgie,hscourgieii@woothemes.com,Male,08 Ludington Court
668,Isidro,Mizzi,imizziij@desdev.cn,Male,48 Steensland Crossing
669,Charlton,Danielli,cdanielliik@nhs.uk,Male,275 Sullivan Parkway
670,Patsy,Abys,pabysil@army.mil,Male,4532 Holy Cross Court
671,Demetris,Crosser,dcrosserim@ovh.net,Female,4 Schurz Hill
672,Grenville,Wrack,gwrackin@ameblo.jp,Male,132 Comanche Terrace
673,Rem,Stud,rstudio@usnews.com,Male,73218 8th Way
674,Bartel,Tointon,btointonip@acquirethisname.com,Male,9081 Morning Lane
675,Odie,Rothery,orotheryiq@bbb.org,Male,2159 Stang Hill
676,Dmitri,Borborough,dborboroughir@guardian.co.uk,Male,56 Center Street
677,Stanfield,Sodor,ssodoris@a8.net,Male,9292 Montana Lane
678,Nathan,Noorwood,nnoorwoodit@icq.com,Non-binary,14 Fisk Street
679,Horton,Ratlee,hratleeiu@pbs.org,Male,62787 Autumn Leaf Alley
680,Vanya,de Voiels,vdevoielsiv@yellowbook.com,Male,25188 Sycamore Hill
681,Dal,Carley,dcarleyiw@forbes.com,Male,385 Shelley Center
682,Cammy,Baxstar,cbaxstarix@stumbleupon.com,Male,757 Glendale Junction
683,Ines,Georgelin,igeorgeliniy@whitehouse.gov,Female,10 Delaware Park
684,Margery,Krammer,mkrammeriz@tiny.cc,Female,978 Cody Pass
685,Kaine,Antoniat,kantoniatj0@vk.com,Male,2 Northport Lane
686,Indira,Gunningham,igunninghamj1@bigcartel.com,Female,27 Ludington Park
687,Luisa,Fairey,lfaireyj2@multiply.com,Female,4 Monument Junction
688,Emmit,Jewkes,ejewkesj3@icio.us,Male,50225 Donald Center
689,Shelli,Clemont,sclemontj4@alibaba.com,Female,303 Village Circle
690,Mag,Sheaber,msheaberj5@goo.ne.jp,Female,06742 Talmadge Crossing
691,Henrik,Fowlds,hfowldsj6@bloglines.com,Male,3 Katie Drive
692,Kelci,Willcott,kwillcottj7@ycombinator.com,Female,191 Lyons Road
693,Cristin,Bittany,cbittanyj8@usnews.com,Female,1 Ohio Drive
694,Ardelis,Nellen,anellenj9@furl.net,Female,7 Tennessee Court
695,Gerti,Durrans,gdurransja@who.int,Female,7177 Tennyson Court
696,Bartholemy,Kerford,bkerfordjb@icq.com,Male,54699 Hansons Plaza
697,Ed,Pedder,epedderjc@accuweather.com,Male,055 Anderson Park
698,Gardiner,Pigford,gpigfordjd@behance.net,Male,8831 Southridge Crossing
699,Denni,Ginnety,dginnetyje@barnesandnoble.com,Female,1 Doe Crossing Terrace
700,Abbey,Dunstan,adunstanjf@columbia.edu,Male,62 Judy Alley
701,Jena,Goodwin,jgoodwinjg@microsoft.com,Female,01 Drewry Point
702,Grayce,Wilshin,gwilshinjh@sun.com,Female,6 Colorado Pass
703,Xylia,Bazoche,xbazocheji@hubpages.com,Female,02 Washington Road
704,Nomi,Corcut,ncorcutjj@cbslocal.com,Bigender,232 Larry Drive
705,Shanta,Covolini,scovolinijk@ucoz.ru,Female,9700 Green Ridge Parkway
706,Florina,Lazarus,flazarusjl@ucoz.ru,Female,1 Florence Terrace
707,Zena,Inston,zinstonjm@meetup.com,Female,644 Anthes Park
708,Christel,Goodenough,cgoodenoughjn@hud.gov,Female,97757 Killdeer Alley
709,Alick,Luna,alunajo@sakura.ne.jp,Male,3376 Bunker Hill Junction
710,Madalena,Spir,mspirjp@ca.gov,Female,688 Bartillon Park
711,Dexter,Ayrton,dayrtonjq@simplemachines.org,Male,577 Lakewood Gardens Drive
712,Brittni,Rounding,broundingjr@arizona.edu,Female,0 Delaware Center
713,Torrey,Ivanchov,tivanchovjs@histats.com,Male,2 Colorado Way
714,Talbot,Harold,tharoldjt@indiatimes.com,Male,69773 Glendale Park
715,Dorris,Valti,dvaltiju@jugem.jp,Female,8875 Buell Trail
716,Baxie,Fidge,bfidgejv@rediff.com,Male,54570 Burning Wood Parkway
717,Haily,Maddra,hmaddrajw@whitehouse.gov,Female,4 Arizona Hill
718,Correy,Lavelle,clavellejx@virginia.edu,Female,2 Straubel Place
719,Chandra,Britcher,cbritcherjy@usda.gov,Female,70 Linden Terrace
720,Tobey,Aire,tairejz@craigslist.org,Female,1 Fremont Point
721,Conni,Start,cstartk0@ihg.com,Female,3 Marquette Junction
722,Roosevelt,Newham,rnewhamk1@indiatimes.com,Male,9 Loeprich Avenue
723,Netty,Alesio,nalesiok2@prlog.org,Female,7 North Hill
724,Cirilo,Caddell,ccaddellk3@desdev.cn,Male,894 Dorton Way
725,Masha,Ezele,mezelek4@cdbaby.com,Female,3 Continental Court
726,Tova,Treuge,ttreugek5@google.com,Female,4 Fulton Junction
727,Jaime,Lines,jlinesk6@skype.com,Bigender,54868 Brickson Park Plaza
728,Olivie,MacKomb,omackombk7@admin.ch,Female,38 Derek Crossing
729,Ambros,Henden,ahendenk8@infoseek.co.jp,Male,1961 Fisk Terrace
730,Rufus,Shoorbrooke,rshoorbrookek9@buzzfeed.com,Male,486 Cherokee Parkway
731,Conrado,Groocock,cgroocockka@booking.com,Male,9991 Schmedeman Center
732,Brannon,Hegden,bhegdenkb@dailymotion.com,Male,07 Loftsgordon Alley
733,Mandel,Gaiger,mgaigerkc@prweb.com,Male,9 New Castle Hill
734,Gib,Moran,gmorankd@arstechnica.com,Male,72 Holy Cross Road
735,Brigg,Hodge,bhodgeke@who.int,Male,4 Waywood Terrace
736,Freida,Duggen,fduggenkf@livejournal.com,Female,7564 School Road
737,Renado,Delooze,rdeloozekg@narod.ru,Male,3833 Vernon Terrace
738,Milli,de Amaya,mdeamayakh@ocn.ne.jp,Female,58 International Avenue
739,Codee,Davidavidovics,cdavidavidovicski@newsvine.com,Female,4 Dayton Lane
740,Byrom,Twort,btwortkj@is.gd,Male,604 Chive Plaza
741,Ezekiel,O'Tierney,eotierneykk@booking.com,Male,213 Loomis Crossing
742,Jemimah,Docker,jdockerkl@admin.ch,Female,745 Grover Park
743,Demetris,Maudlin,dmaudlinkm@cam.ac.uk,Male,9955 Oak Valley Trail
744,Jenni,Schwandermann,jschwandermannkn@tinyurl.com,Female,697 Pond Hill
745,Shane,Mark,smarkko@sphinn.com,Non-binary,791 Golf View Circle
746,Victoria,Greenhaugh,vgreenhaughkp@technorati.com,Female,7 Dunning Way
747,Gunar,Camidge,gcamidgekq@nih.gov,Male,92 Jana Circle
748,Jayne,Dungay,jdungaykr@vinaora.com,Female,56045 Mifflin Lane
749,Lucais,Stithe,lstitheks@washingtonpost.com,Male,5497 Hallows Pass
750,Monte,Cassius,mcassiuskt@cmu.edu,Male,9 Shoshone Way
751,Brett,Patty,bpattyku@geocities.jp,Male,6 Artisan Lane
752,Artie,Misken,amiskenkv@google.pl,Male,06380 Westridge Terrace
753,Winnah,Beagan,wbeagankw@blinklist.com,Polygender,139 Sugar Lane
754,Garrott,Merry,gmerrykx@ted.com,Male,4790 Mandrake Center
755,Armin,Lalley,alalleyky@stumbleupon.com,Male,88 Burning Wood Hill
756,Magdalen,Dobbson,mdobbsonkz@yahoo.co.jp,Female,3943 Cody Point
757,Abe,Henriksson,ahenrikssonl0@list-manage.com,Male,94096 Schiller Lane
758,Kennan,Ettery,ketteryl1@hibu.com,Male,56366 Dayton Center
759,Enos,Le Marquand,elemarquandl2@howstuffworks.com,Male,71344 Lakewood Circle
760,Lionello,Filshin,lfilshinl3@1688.com,Male,728 Spenser Court
761,Jana,Abrahams,jabrahamsl4@wp.com,Female,03477 Cordelia Terrace
762,Jocelin,Yoselevitch,jyoselevitchl5@webnode.com,Female,33 6th Court
763,Herman,Parrington,hparringtonl6@fastcompany.com,Male,0 Dennis Crossing
764,Amelita,Cooksey,acookseyl7@google.de,Genderfluid,3 Lerdahl Parkway
765,Orelie,Candey,ocandeyl8@google.nl,Female,68716 Service Alley
766,Malcolm,Caldera,mcalderal9@hostgator.com,Male,540 Carioca Drive
767,Anastassia,Gaye,agayela@earthlink.net,Female,83 Fuller Street
768,Glynis,Bonifazio,gbonifaziolb@guardian.co.uk,Female,29 Schiller Hill
769,Dannie,Breazeall,dbreazealllc@smugmug.com,Genderqueer,33941 Karstens Park
770,Steffane,Medgwick,smedgwickld@blog.com,Female,26 Bluestem Park
771,Audie,Robertelli,arobertellile@unesco.org,Female,908 Manufacturers Court
772,Kassey,Shirley,kshirleylf@opera.com,Female,26 Holy Cross Junction
773,Angelle,Westwater,awestwaterlg@skype.com,Female,5 Arkansas Hill
774,Farica,Picott,fpicottlh@weather.com,Agender,68 Main Plaza
775,Morly,Skeeles,mskeelesli@freewebs.com,Male,95941 Morning Point
776,Brooks,Charte,bchartelj@earthlink.net,Female,768 Cordelia Point
777,Concettina,Crookshanks,ccrookshankslk@histats.com,Female,464 Carpenter Plaza
778,Donnell,Ramalhete,dramalhetell@trellian.com,Male,8426 Loeprich Pass
779,Drucy,Doby,ddobylm@blogtalkradio.com,Female,51 Prentice Circle
780,Michail,Eykelhof,meykelhofln@behance.net,Male,94718 Crownhardt Hill
781,Mortimer,Insall,minsalllo@arizona.edu,Male,68 Leroy Junction
782,Lin,McEneny,lmcenenylp@about.me,Male,6 Karstens Lane
783,Leopold,Martellini,lmartellinilq@timesonline.co.uk,Male,87 Cody Junction
784,Cly,Oulett,coulettlr@tripadvisor.com,Male,6 Lyons Plaza
785,Lock,Eliyahu,leliyahuls@loc.gov,Male,50403 Mayer Junction
786,Yalonda,Hinners,yhinnerslt@seesaa.net,Female,269 Hoard Avenue
787,Jeanelle,Pickover,jpickoverlu@columbia.edu,Female,15689 Shoshone Point
788,Rriocard,Rexworthy,rrexworthylv@yahoo.com,Male,0708 American Hill
789,Nanette,Deverick,ndevericklw@patch.com,Female,5 Mifflin Hill
790,Antony,Demchen,ademchenlx@google.com.hk,Polygender,027 Ronald Regan Plaza
791,Marylynne,Barendtsen,mbarendtsenly@shareasale.com,Female,4334 Dayton Court
792,Zena,Elven,zelvenlz@surveymonkey.com,Female,90 Doe Crossing Pass
793,Neilla,Coultas,ncoultasm0@unicef.org,Female,54077 Bowman Place
794,Liane,Marioneau,lmarioneaum1@alibaba.com,Female,7 Blaine Road
795,Tarra,Stening,tsteningm2@ustream.tv,Female,093 Veith Drive
796,Hall,Petren,hpetrenm3@spotify.com,Male,6339 Prentice Lane
797,Cori,Owttrim,cowttrimm4@oaic.gov.au,Genderqueer,4899 Oakridge Circle
798,Carson,Dyter,cdyterm5@hostgator.com,Male,11293 Havey Court
799,Jennine,Churcher,jchurcherm6@about.com,Female,542 Moland Lane
800,Maryann,Mouland,mmoulandm7@github.io,Genderqueer,568 Namekagon Plaza
801,Trumann,Dawby,tdawbym8@is.gd,Male,8917 Namekagon Drive
802,Shepperd,Reddie,sreddiem9@merriam-webster.com,Male,19 Scofield Pass
803,Ahmed,Boyd,aboydma@house.gov,Male,490 Hazelcrest Drive
804,Flem,Flamank,fflamankmb@archive.org,Male,5 Montana Crossing
805,Dedie,Chadwin,dchadwinmc@lycos.com,Female,9828 Hayes Hill
806,Ciel,Hibbart,chibbartmd@digg.com,Female,6 Leroy Point
807,Mallissa,Brazil,mbrazilme@imageshack.us,Female,4 South Street
808,Henry,Kneeshaw,hkneeshawmf@discuz.net,Male,89 Petterle Junction
809,Margaux,Purrington,mpurringtonmg@globo.com,Female,1186 Schmedeman Alley
810,Hewe,McCook,hmccookmh@craigslist.org,Male,6308 Bobwhite Plaza
811,Linda,Jumonet,ljumonetmi@vistaprint.com,Female,5816 Golden Leaf Lane
812,Kat,Really,kreallymj@mail.ru,Female,28 Orin Plaza
813,Robina,Cattlow,rcattlowmk@list-manage.com,Female,08 Parkside Way
814,Timothea,Richten,trichtenml@about.me,Female,915 Nevada Court
815,Irv,Wilkennson,iwilkennsonmm@earthlink.net,Male,40 Walton Junction
816,Fianna,Rudsdell,frudsdellmn@123-reg.co.uk,Female,02183 Melody Point
817,Iorgos,Ells,iellsmo@geocities.jp,Male,15672 Chinook Center
818,Wyatan,Arro,warromp@cdbaby.com,Male,5 Iowa Parkway
819,Joey,Huguenet,jhuguenetmq@marriott.com,Female,61 Green Ridge Junction
820,Noelle,Nelles,nnellesmr@bravesites.com,Female,64207 Manufacturers Trail
821,Debora,Lineen,dlineenms@51.la,Female,298 Butternut Road
822,Alfredo,Conochie,aconochiemt@uiuc.edu,Male,3709 Debra Terrace
823,Ware,Founds,wfoundsmu@lulu.com,Non-binary,5 Vernon Alley
824,Humfrid,Cicconettii,hcicconettiimv@jimdo.com,Male,5 High Crossing Hill
825,Huntley,Maccaig,hmaccaigmw@xinhuanet.com,Male,4 Buhler Point
826,Teressa,Sailor,tsailormx@salon.com,Genderqueer,5508 Melrose Park
827,Ethelyn,Kunes,ekunesmy@lulu.com,Female,7860 Kim Street
828,Doy,Beine,dbeinemz@webeden.co.uk,Male,62 Reindahl Court
829,Penelopa,Marsy,pmarsyn0@constantcontact.com,Female,2 Manitowish Hill
830,Romola,Brightwell,rbrightwelln1@ucoz.com,Female,418 Sutherland Plaza
831,Leshia,Mantrup,lmantrupn2@ca.gov,Female,7 Rockefeller Hill
832,Leona,Feighry,lfeighryn3@cisco.com,Female,7 Eagan Center
833,Godfree,Osant,gosantn4@rambler.ru,Male,7458 Mallory Street
834,Jodie,Cremins,jcreminsn5@jimdo.com,Female,48 Sugar Place
835,Patty,Fensome,pfensomen6@telegraph.co.uk,Male,260 Barnett Lane
836,Ellette,Warriner,ewarrinern7@imdb.com,Female,1 Aberg Junction
837,Antonin,Stefi,astefin8@sitemeter.com,Male,60 Moulton Place
838,Christiano,Kilkenny,ckilkennyn9@cornell.edu,Male,5 Wayridge Pass
839,Gray,St Ledger,gstledgerna@abc.net.au,Female,473 Claremont Hill
840,Raynell,Etuck,retucknb@comsenz.com,Female,4476 Arizona Place
841,Almeria,Thomassen,athomassennc@opensource.org,Female,4432 Annamark Circle
842,Rasia,Grimes,rgrimesnd@independent.co.uk,Female,60 Forest Run Way
843,Fidelio,Brogini,fbroginine@wiley.com,Male,7 Eliot Park
844,Amelie,Bockh,abockhnf@bluehost.com,Female,0127 Lien Crossing
845,Anatol,Schulkins,aschulkinsng@home.pl,Male,88583 American Pass
846,Isidor,Geroldo,igeroldonh@bloomberg.com,Male,82 Crownhardt Avenue
847,Michele,Kelinge,mkelingeni@auda.org.au,Male,4 Northview Point
848,Alain,Sandercroft,asandercroftnj@exblog.jp,Male,5 Delladonna Parkway
849,Charley,Winfindine,cwinfindinenk@g.co,Agender,8 Golf Trail
850,Alyosha,Lusk,alusknl@webmd.com,Male,7 Schmedeman Place
851,Shayne,Marusik,smarusiknm@printfriendly.com,Male,9 Westend Park
852,Selby,Wiggam,swiggamnn@nps.gov,Male,6954 Larry Street
853,Isis,Monson,imonsonno@cam.ac.uk,Female,51987 Transport Trail
854,Stevie,Follit,sfollitnp@mapquest.com,Male,742 Corscot Street
855,Jacintha,Muddimer,jmuddimernq@spiegel.de,Female,66472 Macpherson Way
856,Tremaine,Cocci,tcoccinr@themeforest.net,Male,3 Lukken Terrace
857,Mickie,Tregust,mtregustns@cargocollective.com,Female,990 Northview Court
858,Tyrone,Degue,tdeguent@cam.ac.uk,Male,229 Oxford Park
859,Lucas,Plane,lplanenu@bloglovin.com,Male,2938 Banding Hill
860,Galvan,Cokly,gcoklynv@mozilla.com,Male,81 Main Lane
861,Constantia,Ackroyd,cackroydnw@prlog.org,Female,3302 Truax Road
862,Benita,Packman,bpackmannx@miitbeian.gov.cn,Female,50532 Nancy Street
863,Gennie,Eads,geadsny@prnewswire.com,Female,78 Burning Wood Terrace
864,Jinny,Lasslett,jlasslettnz@histats.com,Female,53242 Killdeer Alley
865,Cassie,Aberdalgy,caberdalgyo0@accuweather.com,Female,3 Towne Trail
866,Gerti,Kilroy,gkilroyo1@aboutads.info,Non-binary,340 Prentice Lane
867,Maxie,Riolfi,mriolfio2@jigsy.com,Female,00 Nelson Crossing
868,Konstantine,Everingham,keveringhamo3@people.com.cn,Male,911 Warbler Junction
869,Hersch,Tidman,htidmano4@ow.ly,Male,141 Northwestern Junction
870,Karlik,Menauteau,kmenauteauo5@drupal.org,Male,684 Orin Circle
871,Dasya,Shillabear,dshillabearo6@domainmarket.com,Female,2 Jay Avenue
872,Edik,Frame,eframeo7@fda.gov,Male,1 Oneill Place
873,Marys,O'Crevy,mocrevyo8@4shared.com,Female,4 Spohn Terrace
874,Greta,Josefs,gjosefso9@trellian.com,Female,27522 Westend Avenue
875,Willamina,Brasted,wbrastedoa@wired.com,Female,9 Manley Drive
876,Shandeigh,Sinclar,ssinclarob@twitter.com,Female,56407 Burrows Road
877,Gloriane,Narraway,gnarrawayoc@ehow.com,Genderqueer,0715 Loeprich Pass
878,Cammy,Bodman,cbodmanod@joomla.org,Male,065 Cody Lane
879,Sancho,Lydiate,slydiateoe@tripod.com,Male,96 Dixon Drive
880,Amber,Dumbelton,adumbeltonof@a8.net,Female,470 Pierstorff Drive
881,Audrey,Dunaway,adunawayog@ted.com,Female,214 Southridge Hill
882,Dewey,Abdie,dabdieoh@slate.com,Male,01231 Judy Trail
883,Lauree,Knappett,lknappettoi@google.co.uk,Female,26 Hoepker Alley
884,Dougy,Richly,drichlyoj@mayoclinic.com,Male,6065 Susan Way
885,Mendel,Sodory,msodoryok@vinaora.com,Male,315 Welch Road
886,Tadeo,Buckoke,tbuckokeol@yahoo.com,Male,64 Alpine Hill
887,Darren,M'Quharg,dmquhargom@uol.com.br,Male,9 Menomonie Junction
888,Brady,Trueman,btruemanon@uol.com.br,Agender,73 Wayridge Plaza
889,Jess,Pilmoor,jpilmooroo@eepurl.com,Male,6 Continental Street
890,Mahmoud,Horsburgh,mhorsburghop@reverbnation.com,Male,245 Independence Court
891,Donny,McMylor,dmcmyloroq@craigslist.org,Female,40 Dixon Crossing
892,Lynnelle,Statersfield,lstatersfieldor@loc.gov,Genderfluid,075 Algoma Park
893,Roderich,Scorey,rscoreyos@elegantthemes.com,Male,302 Morning Way
894,Cynthie,Nangle,cnangleot@si.edu,Female,1929 Hermina Drive
895,Cece,Foresight,cforesightou@latimes.com,Male,798 Canary Crossing
896,Carling,Bengough,cbengoughov@typepad.com,Male,41 Sutherland Center
897,Sherill,McCray,smccrayow@theglobeandmail.com,Bigender,117 Muir Crossing
898,Carolan,Gislebert,cgislebertox@blogtalkradio.com,Female,0048 Victoria Plaza
899,Janine,Monk,jmonkoy@imdb.com,Female,81 Sycamore Alley
900,Kalle,Matzkaitis,kmatzkaitisoz@gravatar.com,Male,802 Vahlen Hill
901,Nadine,Bouchard,nbouchardp0@dailymotion.com,Female,7245 Prentice Center
902,Umberto,Gostick,ugostickp1@wordpress.com,Male,4121 Main Park
903,Hadria,Guillond,hguillondp2@yahoo.co.jp,Agender,6 Prairie Rose Center
904,Dav,Geator,dgeatorp3@storify.com,Male,1 Cambridge Avenue
905,Ailey,Coil,acoilp4@rakuten.co.jp,Female,53654 Forest Dale Parkway
906,Keeley,McQuillan,kmcquillanp5@last.fm,Female,64722 La Follette Point
907,Deane,Pearde,dpeardep6@aboutads.info,Male,10990 Nobel Hill
908,Blithe,Switsur,bswitsurp7@barnesandnoble.com,Female,5469 Jana Junction
909,Alvan,Savary,asavaryp8@amazon.com,Male,628 Mariners Cove Pass
910,Petey,Honniebal,phonniebalp9@wordpress.org,Male,96 Onsgard Avenue
911,Amby,Ferroli,aferrolipa@posterous.com,Male,336 Maryland Junction
912,Matthaeus,Hollindale,mhollindalepb@blogger.com,Male,4708 Harbort Court
913,Bond,Karpinski,bkarpinskipc@nih.gov,Male,599 Fisk Avenue
914,Rickey,Schaumaker,rschaumakerpd@illinois.edu,Male,78 Holy Cross Pass
915,Karalee,Rodgers,krodgerspe@adobe.com,Female,41 Starling Court
916,Siegfried,Dermot,sdermotpf@ask.com,Male,4328 Westport Circle
917,Diahann,Micheli,dmichelipg@e-recht24.de,Female,54759 Golden Leaf Drive
918,Zorana,Edmeads,zedmeadsph@upenn.edu,Female,822 Morrow Park
919,Somerset,Tiesman,stiesmanpi@archive.org,Male,44365 Hayes Place
920,Carlin,McCallion,cmccallionpj@chicagotribune.com,Male,2 Westend Court
921,Grady,Ashbrook,gashbrookpk@diigo.com,Male,36 Arapahoe Point
922,Audie,Tucknott,atucknottpl@addthis.com,Female,03655 Randy Crossing
923,Rosina,Hoggan,rhogganpm@domainmarket.com,Female,83650 Lyons Terrace
924,Kiri,Durber,kdurberpn@hao123.com,Female,23 Delaware Drive
925,Nolie,Leach,nleachpo@nationalgeographic.com,Female,33683 Loftsgordon Hill
926,Arch,Shwalbe,ashwalbepp@mac.com,Male,61040 1st Circle
927,Solomon,Sivess,ssivesspq@hibu.com,Male,6 Summerview Way
928,Cobbie,Scrimshire,cscrimshirepr@flickr.com,Agender,220 Helena Circle
929,Amitie,Devereux,adevereuxps@sakura.ne.jp,Agender,1386 Manitowish Alley
930,Genny,Clausson,gclaussonpt@delicious.com,Female,55002 Stuart Way
931,Sib,Potkins,spotkinspu@zimbio.com,Female,6 Welch Road
932,Neall,Heinschke,nheinschkepv@ehow.com,Male,02 Center Crossing
933,Audra,Allbones,aallbonespw@gmpg.org,Female,67 Brickson Park Trail
934,Base,Izakson,bizaksonpx@pinterest.com,Male,34233 Calypso Hill
935,Dela,Charlick,dcharlickpy@economist.com,Polygender,8 Del Sol Parkway
936,Lionel,Robroe,lrobroepz@princeton.edu,Male,29915 Anhalt Terrace
937,Felipe,Stuehmeier,fstuehmeierq0@posterous.com,Bigender,894 Blaine Center
938,Cull,Finder,cfinderq1@joomla.org,Male,61 Waubesa Circle
939,Beulah,Muggleston,bmugglestonq2@multiply.com,Female,27192 Farragut Terrace
940,Ulla,Rumgay,urumgayq3@wufoo.com,Female,0 Erie Hill
941,Bear,Stoute,bstouteq4@google.de,Male,10 Dakota Center
942,Jerald,Gorthy,jgorthyq5@mediafire.com,Male,88 Alpine Avenue
943,Rickert,Tooth,rtoothq6@youtu.be,Male,94 Cordelia Crossing
944,Ritchie,How,rhowq7@vistaprint.com,Male,75287 Lakewood Court
945,Theodore,Edkins,tedkinsq8@tmall.com,Male,27 Fordem Drive
946,Modestia,Meegan,mmeeganq9@nydailynews.com,Female,39 American Alley
947,Amy,Dot,adotqa@nyu.edu,Female,16 Lunder Court
948,Holli,Seawell,hseawellqb@census.gov,Female,0 Marquette Crossing
949,Leanna,Ninnoli,lninnoliqc@istockphoto.com,Female,511 Southridge Pass
950,Ermanno,Newcom,enewcomqd@sakura.ne.jp,Male,3507 Express Lane
951,Vinita,Llorente,vllorenteqe@dmoz.org,Female,47 Helena Park
952,Dunstan,Ropkins,dropkinsqf@gravatar.com,Male,08 Continental Park
953,Bellanca,Balfe,bbalfeqg@nyu.edu,Female,55 Eggendart Park
954,Terence,Arrault,tarraultqh@taobao.com,Male,633 Beilfuss Place
955,Shane,Schwier,sschwierqi@dedecms.com,Agender,3779 Eastlawn Court
956,Lilith,Osselton,losseltonqj@netvibes.com,Female,6 Packers Parkway
957,Kaleb,Keys,kkeysqk@reddit.com,Male,49001 Memorial Point
958,Thomasina,Pinard,tpinardql@msn.com,Non-binary,0 Swallow Center
959,Merle,Junkinson,mjunkinsonqm@ucsd.edu,Female,5 Raven Street
960,Clerc,Veasey,cveaseyqn@sfgate.com,Male,7053 Ridgeview Parkway
961,Kaia,Sydes,ksydesqo@umich.edu,Female,57 Anzinger Road
962,Sheryl,Whittick,swhittickqp@jalbum.net,Female,50 Lakewood Way
963,Gare,Philipps,gphilippsqq@hubpages.com,Male,36 Oak Valley Drive
964,Silvia,Kinningley,skinningleyqr@dyndns.org,Agender,93 Kingsford Point
965,Nickola,Aleksandrov,naleksandrovqs@cdbaby.com,Male,47 Forster Plaza
966,Chaddy,Conklin,cconklinqt@360.cn,Male,7 Village Green Street
967,Bridget,Sayre,bsayrequ@blog.com,Female,7 Kim Place
968,Ahmad,Spira,aspiraqv@narod.ru,Male,986 Jenna Circle
969,Bambi,Bambery,bbamberyqw@tiny.cc,Female,0954 Farragut Parkway
970,Zedekiah,Buyers,zbuyersqx@pcworld.com,Male,3956 Ohio Crossing
971,Tamera,Aitchinson,taitchinsonqy@delicious.com,Bigender,35 American Road
972,Giraldo,Endrighi,gendrighiqz@go.com,Male,5 Tennessee Hill
973,Spencer,Arckoll,sarckollr0@qq.com,Male,9 Birchwood Terrace
974,Thorny,MacAllen,tmacallenr1@wp.com,Male,52497 Dahle Crossing
975,Allix,Bakster,abaksterr2@ezinearticles.com,Agender,6 Kedzie Street
976,Louise,Bridson,lbridsonr3@prnewswire.com,Female,9 Heath Junction
977,Aldric,Dymidowski,adymidowskir4@behance.net,Male,06216 Calypso Park
978,Casar,Barbie,cbarbier5@tmall.com,Male,6517 Mallory Hill
979,Toni,Maiklem,tmaiklemr6@google.co.jp,Female,5 Reinke Circle
980,Janek,Dog,jdogr7@artisteer.com,Non-binary,6 Maple Alley
981,Land,Dyball,ldyballr8@php.net,Male,5869 Dunning Street
982,Julio,Mewhirter,jmewhirterr9@goodreads.com,Male,8318 Holy Cross Junction
983,Leia,O' Concannon,loconcannonra@t.co,Female,60 Ramsey Junction
984,Valera,Touret,vtouretrb@lulu.com,Female,40095 Alpine Plaza
985,Koral,Pourvoieur,kpourvoieurrc@nba.com,Female,274 Blackbird Plaza
986,Roddy,Hellings,rhellingsrd@samsung.com,Male,630 Lien Street
987,Quentin,Asman,qasmanre@tinyurl.com,Male,46261 Forest Lane
988,Joela,Bearfoot,jbearfootrf@xinhuanet.com,Female,3150 Homewood Parkway
989,Ninnetta,Luby,nlubyrg@elpais.com,Female,2341 Burning Wood Alley
990,Veronike,Tapton,vtaptonrh@diigo.com,Female,3 Manitowish Road
991,Brigid,Korfmann,bkorfmannri@theguardian.com,Female,6307 Pennsylvania Lane
992,Lelia,Harling,lharlingrj@xrea.com,Female,7228 Little Fleur Pass
993,Marti,Rivenzon,mrivenzonrk@people.com.cn,Polygender,01136 Melrose Center
994,Teodor,Langcastle,tlangcastlerl@example.com,Male,031 Michigan Center
995,Noam,Whitham,nwhithamrm@columbia.edu,Male,3976 Declaration Parkway
996,Thomasine,Lempenny,tlempennyrn@blog.com,Female,24 Harper Alley
997,Deidre,Harwell,dharwellro@amazon.com,Female,315 Portage Terrace
998,Jourdain,Kernell,jkernellrp@mapquest.com,Non-binary,03 Prentice Lane
999,Bevin,Bowland,bbowlandrq@eventbrite.com,Male,39588 Melvin Lane
1000,Merwin,Rea,mrearr@google.com.hk,Non-binary,3 Eagan Pass
